Feature,Importance
NDBI,0.37071535
AirTemp,0.20914413
Humidity,0.15809186
WindSpeed,0.08731702
Albedo,0.059715252
NDWI,0.05023755
BuildingDensity,0.034916133
NDVI,0.029862728
